<?xml version="1.0" encoding="UTF-8"?><toc xmlns="http://www.oxygenxml.com/ns/webhelp/toc" xmlns:xhtml="http://www.w3.org/1999/xhtml"><title><span xmlns="http://www.w3.org/1999/xhtml" class="title">AirClassroom</span></title><topic href="javascript:void(0)"><title>About</title><topic href="intro.html" data-id="concept_vbf_nkl_yx"><title>AirClassroom: Rent a Classroom at Virginia Tech</title><shortdesc><p xmlns="http://www.w3.org/1999/xhtml" class="shortdesc"></p>
</shortdesc><topicmeta></topicmeta></topic><topic href="tp-contact.html" data-id="tp-contact"><title>Contact Information</title><topicmeta></topicmeta></topic><topic href="tp-options.html" data-id="tp-options"><title>Rental Classroom Packages</title><topicmeta></topicmeta></topic><topic href="tp-helpers.html" data-id="tp-helpers"><title>Using Technical Helpers</title><topicmeta></topicmeta></topic><topic href="troubleP.html" data-id="troubleP"><title>Troubleshooting the Projector</title><topicmeta></topicmeta></topic><topic href="troubleL.html" data-id="troubleL"><title>Troubleshooting the Rental Laptop</title><topicmeta></topicmeta></topic><topic href="ref.html" data-id="ref"><title>References</title><topicmeta></topicmeta></topic></topic><topic href="javascript:void(0)"><title>For professionals</title><topic href="t-projector.html" data-id="t-projector"><title>How to Use the Projector</title><shortdesc><p xmlns="http://www.w3.org/1999/xhtml" class="shortdesc">These instructions will show you how to use the projector.</p>
</shortdesc><topicmeta></topicmeta></topic><topic href="t-cleaning.html" data-id="t-cleaning"><title>How to Clean Up the Classroom after Use</title><shortdesc><p xmlns="http://www.w3.org/1999/xhtml" class="shortdesc">These instructions will teach you how to clean up after rental use of AirClassroom,         as well as the procedure after use.</p>
</shortdesc><topicmeta></topicmeta></topic></topic></toc>